<?xml version="1.0" encoding="UTF-8"?>

<mule xmlns:http="http://www.mulesoft.org/schema/mule/http" xmlns="http://www.mulesoft.org/schema/mule/core" xmlns:doc="http://www.mulesoft.org/schema/mule/documentation"
	xmlns:spring="http://www.springframework.org/schema/beans" 
	xmlns:xsi="http://www.w3.org/2001/XMLSchema-instance"
	xsi:schemaLocation="http://www.springframework.org/schema/beans http://www.springframework.org/schema/beans/spring-beans-current.xsd
http://www.mulesoft.org/schema/mule/core http://www.mulesoft.org/schema/mule/core/current/mule.xsd
http://www.mulesoft.org/schema/mule/http http://www.mulesoft.org/schema/mule/http/current/mule-http.xsd">
    <http:listener-config name="HTTP_Listener_Configuration" host="localhost" port="8093" basePath="services" doc:name="HTTP Listener Configuration"/>
    <flow name="HTTPTestFlow">
        <http:listener config-ref="HTTP_Listener_Configuration" path="/test" doc:name="HTTP" allowedMethods="GET,POST">
            <http:response-builder statusCode="888" reasonPhrase="The test worked">
                <http:header headerName="Senior-Java-Specialist" value="Vitthal Shirke"/>
            </http:response-builder>
            <http:error-response-builder statusCode="808" reasonPhrase="Method not found"/>
        </http:listener>
        <set-payload doc:name="Set Payload" value="HTTP connector works"/>
    </flow>
</mule>
